filename,identity
a_cam_0_porF_00.jpg,A
a_cam_0_porL_00.jpg,A
a_cam_0_porR_00.jpg,A
a_gp_0_ef_00.jpg,A
a_gp_0_ef_01.jpg,A
a_gp_0_ef_02.jpg,A
a_gp_0_ef_03.jpg,A
a_gp_0_ef_04.jpg,A
a_gp_0_ef_05.jpg,A
a_gp_0_ef_06.jpg,A
a_gp_0_ef_07.jpg,A
a_gp_0_ef_08.jpg,A
a_gp_0_ef_09.jpg,A
a_gp_0_ef_10.jpg,A
a_gp_0_ef_11.jpg,A
a_gp_0_ef_12.jpg,A
a_gp_0_ef_13.jpg,A
a_gp_0_ef_14.jpg,A
a_gp_0_ef_15.jpg,A
a_gp_0_ef_16.jpg,A
a_gp_0_ef_17.jpg,A
a_gp_0_ef_18.jpg,A
a_gp_0_ef_19.jpg,A
a_gp_0_ef_20.jpg,A
a_gp_0_ef_21.jpg,A
a_gp_0_ef_22.jpg,A
a_gp_0_ef_23.jpg,A
a_gp_0_ef_24.jpg,A
a_gp_0_ef_25.jpg,A
a_gp_0_ef_26.jpg,A
a_gp_0_ef_27.jpg,A
a_gp_0_ef_28.jpg,A
a_gp_0_ef_29.jpg,A
a_gp_0_ef_30.jpg,A
a_gp_0_porF_00.jpg,A
a_gp_0_porL_00.JPG,A
a_gp_0_porR_00.JPG,A
a_gp_3_ef_00.jpg,A
a_gp_3_ef_01.jpg,A
a_gp_3_ef_02.jpg,A
a_gp_3_ef_03.jpg,A
a_gp_3_ef_04.jpg,A
a_gp_3_ef_05.jpg,A
a_gp_3_ef_06.jpg,A
a_gp_3_ef_07.jpg,A
a_gp_3_ef_08.jpg,A
a_gp_3_ef_09.jpg,A
a_gp_3_ef_10.jpg,A
a_gp_3_ef_11.jpg,A
a_gp_3_ef_12.jpg,A
a_gp_3_ef_13.jpg,A
a_gp_3_ef_14.jpg,A
a_gp_3_ef_15.jpg,A
a_gp_3_ef_16.jpg,A
a_gp_3_ef_17.jpg,A
a_gp_3_ef_18.jpg,A
a_gp_3_ef_19.jpg,A
a_gp_3_ef_20.jpg,A
a_gp_3_ef_21.jpg,A
a_gp_3_ef_22.jpg,A
a_gp_3_ef_23.jpg,A
a_gp_3_ef_24.jpg,A
a_gp_3_ef_25.jpg,A
a_gp_3_ef_26.jpg,A
a_gp_3_ef_27.jpg,A
a_gp_3_ef_28.jpg,A
a_gp_3_ef_29.jpg,A
a_gp_3_ef_30.jpg,A
a_gp_4_ef_00.jpg,A
a_gp_4_ef_01.jpg,A
a_gp_4_ef_02.jpg,A
a_gp_4_ef_03.jpg,A
a_gp_4_ef_04.jpg,A
a_gp_4_ef_05.jpg,A
a_gp_4_ef_06.jpg,A
a_gp_4_ef_07.jpg,A
a_gp_4_ef_08.jpg,A
a_gp_4_ef_09.jpg,A
a_gp_4_ef_10.jpg,A
a_gp_4_ef_11.jpg,A
a_gp_4_ef_12.jpg,A
a_gp_4_ef_13.jpg,A
a_gp_4_ef_14.jpg,A
a_gp_4_ef_15.jpg,A
a_gp_4_ef_16.jpg,A
a_gp_4_ef_17.jpg,A
a_gp_4_ef_18.jpg,A
a_gp_4_ef_19.jpg,A
a_gp_4_ef_20.jpg,A
a_gp_4_ef_21.jpg,A
a_gp_4_ef_22.jpg,A
a_gp_4_ef_23.jpg,A
a_gp_4_ef_24.jpg,A
a_gp_4_ef_25.jpg,A
a_gp_4_ef_26.jpg,A
a_gp_4_ef_27.jpg,A
a_gp_4_ef_28.jpg,A
a_gp_4_ef_29.jpg,A
a_gp_4_ef_30.jpg,A
a_gp_5_ef_00.jpg,A
a_gp_5_ef_01.jpg,A
a_gp_5_ef_02.jpg,A
a_gp_5_ef_03.jpg,A
a_gp_5_ef_04.jpg,A
a_gp_5_ef_05.jpg,A
a_gp_5_ef_06.jpg,A
a_gp_5_ef_07.jpg,A
a_gp_5_ef_08.jpg,A
a_gp_5_ef_09.jpg,A
a_gp_5_ef_10.jpg,A
a_gp_5_ef_11.jpg,A
a_gp_5_ef_12.jpg,A
a_gp_5_ef_13.jpg,A
a_gp_5_ef_14.jpg,A
a_gp_5_ef_15.jpg,A
a_gp_5_ef_16.jpg,A
a_gp_5_ef_17.jpg,A
a_gp_5_ef_18.jpg,A
a_gp_5_ef_19.jpg,A
a_gp_5_ef_20.jpg,A
a_gp_5_ef_21.jpg,A
a_gp_5_ef_22.jpg,A
a_gp_5_ef_23.jpg,A
a_gp_5_ef_24.jpg,A
a_gp_5_ef_25.jpg,A
a_gp_5_ef_26.jpg,A
a_gp_5_ef_27.jpg,A
a_gp_5_ef_28.jpg,A
a_gp_5_ef_29.jpg,A
a_gp_5_ef_30.jpg,A
a_na_na_por_na.jpg,A
b_cam_0_porF_00.jpg,B
b_cam_0_porL_00.jpg,B
b_cam_0_porR_00.jpg,B
b_gp_0_ef_00.jpg,B
b_gp_0_ef_01.jpg,B
b_gp_0_ef_02.jpg,B
b_gp_0_ef_03.jpg,B
b_gp_0_ef_04.jpg,B
b_gp_0_ef_05.jpg,B
b_gp_0_ef_06.jpg,B
b_gp_0_ef_07.jpg,B
b_gp_0_ef_08.jpg,B
b_gp_0_ef_09.jpg,B
b_gp_0_ef_10.jpg,B
b_gp_0_ef_11.jpg,B
b_gp_0_ef_12.jpg,B
b_gp_0_ef_13.jpg,B
b_gp_0_ef_14.jpg,B
b_gp_0_ef_15.jpg,B
b_gp_0_ef_16.jpg,B
b_gp_0_ef_17.jpg,B
b_gp_0_ef_18.jpg,B
b_gp_0_ef_19.jpg,B
b_gp_0_ef_20.jpg,B
b_gp_0_ef_21.jpg,B
b_gp_0_ef_22.jpg,B
b_gp_0_ef_23.jpg,B
b_gp_0_ef_24.jpg,B
b_gp_0_ef_25.jpg,B
b_gp_0_ef_26.jpg,B
b_gp_0_ef_27.jpg,B
b_gp_0_ef_28.jpg,B
b_gp_0_ef_29.jpg,B
b_gp_0_ef_30.jpg,B
b_gp_0_porF_00.jpg,B
b_gp_0_porL_00.JPG,B
b_gp_0_porR_00.JPG,B
b_gp_3_ef_00.jpg,B
b_gp_3_ef_01.jpg,B
b_gp_3_ef_02.jpg,B
b_gp_3_ef_03.jpg,B
b_gp_3_ef_04.jpg,B
b_gp_3_ef_05.jpg,B
b_gp_3_ef_06.jpg,B
b_gp_3_ef_07.jpg,B
b_gp_3_ef_08.jpg,B
b_gp_3_ef_09.jpg,B
b_gp_3_ef_10.jpg,B
b_gp_3_ef_11.jpg,B
b_gp_3_ef_12.jpg,B
b_gp_3_ef_13.jpg,B
b_gp_3_ef_14.jpg,B
b_gp_3_ef_15.jpg,B
b_gp_3_ef_16.jpg,B
b_gp_3_ef_17.jpg,B
b_gp_3_ef_18.jpg,B
b_gp_3_ef_19.jpg,B
b_gp_3_ef_20.jpg,B
b_gp_3_ef_21.jpg,B
b_gp_3_ef_22.jpg,B
b_gp_3_ef_23.jpg,B
b_gp_3_ef_24.jpg,B
b_gp_3_ef_25.jpg,B
b_gp_3_ef_26.jpg,B
b_gp_3_ef_27.jpg,B
b_gp_3_ef_28.jpg,B
b_gp_3_ef_29.jpg,B
b_gp_3_ef_30.jpg,B
b_gp_4_ef_00.jpg,B
b_gp_4_ef_01.jpg,B
b_gp_4_ef_02.jpg,B
b_gp_4_ef_03.jpg,B
b_gp_4_ef_04.jpg,B
b_gp_4_ef_05.jpg,B
b_gp_4_ef_06.jpg,B
b_gp_4_ef_07.jpg,B
b_gp_4_ef_08.jpg,B
b_gp_4_ef_09.jpg,B
b_gp_4_ef_10.jpg,B
b_gp_4_ef_11.jpg,B
b_gp_4_ef_12.jpg,B
b_gp_4_ef_13.jpg,B
b_gp_4_ef_14.jpg,B
b_gp_4_ef_15.jpg,B
b_gp_4_ef_16.jpg,B
b_gp_4_ef_17.jpg,B
b_gp_4_ef_18.jpg,B
b_gp_4_ef_19.jpg,B
b_gp_4_ef_20.jpg,B
b_gp_4_ef_21.jpg,B
b_gp_4_ef_22.jpg,B
b_gp_4_ef_23.jpg,B
b_gp_4_ef_24.jpg,B
b_gp_4_ef_25.jpg,B
b_gp_4_ef_26.jpg,B
b_gp_4_ef_27.jpg,B
b_gp_4_ef_28.jpg,B
b_gp_4_ef_29.jpg,B
b_gp_4_ef_30.jpg,B
b_gp_5_ef_00.jpg,B
b_gp_5_ef_01.jpg,B
b_gp_5_ef_02.jpg,B
b_gp_5_ef_03.jpg,B
b_gp_5_ef_04.jpg,B
b_gp_5_ef_05.jpg,B
b_gp_5_ef_06.jpg,B
b_gp_5_ef_07.jpg,B
b_gp_5_ef_08.jpg,B
b_gp_5_ef_09.jpg,B
b_gp_5_ef_10.jpg,B
b_gp_5_ef_11.jpg,B
b_gp_5_ef_12.jpg,B
b_gp_5_ef_13.jpg,B
b_gp_5_ef_14.jpg,B
b_gp_5_ef_15.jpg,B
b_gp_5_ef_16.jpg,B
b_gp_5_ef_17.jpg,B
b_gp_5_ef_18.jpg,B
b_gp_5_ef_19.jpg,B
b_gp_5_ef_20.jpg,B
b_gp_5_ef_21.jpg,B
b_gp_5_ef_22.jpg,B
b_gp_5_ef_23.jpg,B
b_gp_5_ef_24.jpg,B
b_gp_5_ef_25.jpg,B
b_gp_5_ef_26.jpg,B
b_gp_5_ef_27.jpg,B
b_gp_5_ef_28.jpg,B
b_gp_5_ef_29.jpg,B
b_gp_5_ef_30.jpg,B
c_cam_0_porF_00.jpg,C
c_cam_0_porL_00.jpg,C
c_cam_0_porR_00.jpg,C
c_gp_0_ef_00.jpg,C
c_gp_0_ef_01.jpg,C
c_gp_0_ef_02.jpg,C
c_gp_0_ef_03.jpg,C
c_gp_0_ef_04.jpg,C
c_gp_0_ef_05.jpg,C
c_gp_0_ef_06.jpg,C
c_gp_0_ef_07.jpg,C
c_gp_0_ef_08.jpg,C
c_gp_0_ef_09.jpg,C
c_gp_0_ef_10.jpg,C
c_gp_0_ef_11.jpg,C
c_gp_0_ef_12.jpg,C
c_gp_0_ef_13.jpg,C
c_gp_0_ef_14.jpg,C
c_gp_0_ef_15.jpg,C
c_gp_0_ef_16.jpg,C
c_gp_0_ef_17.jpg,C
c_gp_0_ef_18.jpg,C
c_gp_0_ef_19.jpg,C
c_gp_0_ef_20.jpg,C
c_gp_0_ef_21.jpg,C
c_gp_0_ef_22.jpg,C
c_gp_0_ef_23.jpg,C
c_gp_0_ef_24.jpg,C
c_gp_0_ef_25.jpg,C
c_gp_0_ef_26.jpg,C
c_gp_0_ef_27.jpg,C
c_gp_0_ef_28.jpg,C
c_gp_0_ef_29.jpg,C
c_gp_0_ef_30.jpg,C
c_gp_0_porF_00.jpg,C
c_gp_0_porL_00.JPG,C
c_gp_0_porR_00.JPG,C
c_gp_3_ef_00.jpg,C
c_gp_3_ef_01.jpg,C
c_gp_3_ef_02.jpg,C
c_gp_3_ef_03.jpg,C
c_gp_3_ef_04.jpg,C
c_gp_3_ef_05.jpg,C
c_gp_3_ef_06.jpg,C
c_gp_3_ef_07.jpg,C
c_gp_3_ef_08.jpg,C
c_gp_3_ef_09.jpg,C
c_gp_3_ef_10.jpg,C
c_gp_3_ef_11.jpg,C
c_gp_3_ef_12.jpg,C
c_gp_3_ef_13.jpg,C
c_gp_3_ef_14.jpg,C
c_gp_3_ef_15.jpg,C
c_gp_3_ef_16.jpg,C
c_gp_3_ef_17.jpg,C
c_gp_3_ef_18.jpg,C
c_gp_3_ef_19.jpg,C
c_gp_3_ef_20.jpg,C
c_gp_3_ef_21.jpg,C
c_gp_3_ef_22.jpg,C
c_gp_3_ef_23.jpg,C
c_gp_3_ef_24.jpg,C
c_gp_3_ef_25.jpg,C
c_gp_3_ef_26.jpg,C
c_gp_3_ef_27.jpg,C
c_gp_3_ef_28.jpg,C
c_gp_3_ef_29.jpg,C
c_gp_3_ef_30.jpg,C
c_gp_4_ef_00.jpg,C
c_gp_4_ef_01.jpg,C
c_gp_4_ef_02.jpg,C
c_gp_4_ef_03.jpg,C
c_gp_4_ef_04.jpg,C
c_gp_4_ef_05.jpg,C
c_gp_4_ef_06.jpg,C
c_gp_4_ef_07.jpg,C
c_gp_4_ef_08.jpg,C
c_gp_4_ef_09.jpg,C
c_gp_4_ef_10.jpg,C
c_gp_4_ef_11.jpg,C
c_gp_4_ef_12.jpg,C
c_gp_4_ef_13.jpg,C
c_gp_4_ef_14.jpg,C
c_gp_4_ef_15.jpg,C
c_gp_4_ef_16.jpg,C
c_gp_4_ef_17.jpg,C
c_gp_4_ef_18.jpg,C
c_gp_4_ef_19.jpg,C
c_gp_4_ef_20.jpg,C
c_gp_4_ef_21.jpg,C
c_gp_4_ef_22.jpg,C
c_gp_4_ef_23.jpg,C
c_gp_4_ef_24.jpg,C
c_gp_4_ef_25.jpg,C
c_gp_4_ef_26.jpg,C
c_gp_4_ef_27.jpg,C
c_gp_4_ef_28.jpg,C
c_gp_4_ef_29.jpg,C
c_gp_4_ef_30.jpg,C
c_gp_5_ef_00.jpg,C
c_gp_5_ef_01.jpg,C
c_gp_5_ef_02.jpg,C
c_gp_5_ef_03.jpg,C
c_gp_5_ef_04.jpg,C
c_gp_5_ef_05.jpg,C
c_gp_5_ef_06.jpg,C
c_gp_5_ef_07.jpg,C
c_gp_5_ef_08.jpg,C
c_gp_5_ef_09.jpg,C
c_gp_5_ef_10.jpg,C
c_gp_5_ef_11.jpg,C
c_gp_5_ef_12.jpg,C
c_gp_5_ef_13.jpg,C
c_gp_5_ef_14.jpg,C
c_gp_5_ef_15.jpg,C
c_gp_5_ef_16.jpg,C
c_gp_5_ef_17.jpg,C
c_gp_5_ef_18.jpg,C
c_gp_5_ef_19.jpg,C
c_gp_5_ef_20.jpg,C
c_gp_5_ef_21.jpg,C
c_gp_5_ef_22.jpg,C
c_gp_5_ef_23.jpg,C
c_gp_5_ef_24.jpg,C
c_gp_5_ef_25.jpg,C
c_gp_5_ef_26.jpg,C
c_gp_5_ef_27.jpg,C
c_gp_5_ef_28.jpg,C
c_gp_5_ef_29.jpg,C
c_gp_5_ef_30.jpg,C
d_cam_0_porF_00.jpg,D
d_cam_0_porL_00.jpg,D
d_cam_0_porR_00.jpg,D
d_gp_0_ef_00.jpg,D
d_gp_0_ef_01.jpg,D
d_gp_0_ef_02.jpg,D
d_gp_0_ef_03.jpg,D
d_gp_0_ef_04.jpg,D
d_gp_0_ef_05.jpg,D
d_gp_0_ef_06.jpg,D
d_gp_0_ef_07.jpg,D
d_gp_0_ef_08.jpg,D
d_gp_0_ef_09.jpg,D
d_gp_0_ef_10.jpg,D
d_gp_0_ef_11.jpg,D
d_gp_0_ef_12.jpg,D
d_gp_0_ef_13.jpg,D
d_gp_0_ef_14.jpg,D
d_gp_0_ef_15.jpg,D
d_gp_0_ef_16.jpg,D
d_gp_0_ef_17.jpg,D
d_gp_0_ef_18.jpg,D
d_gp_0_ef_19.jpg,D
d_gp_0_ef_20.jpg,D
d_gp_0_ef_21.jpg,D
d_gp_0_ef_22.jpg,D
d_gp_0_ef_23.jpg,D
d_gp_0_ef_24.jpg,D
d_gp_0_ef_25.jpg,D
d_gp_0_ef_26.jpg,D
d_gp_0_ef_27.jpg,D
d_gp_0_ef_28.jpg,D
d_gp_0_ef_29.jpg,D
d_gp_0_ef_30.jpg,D
d_gp_0_porF_00.jpg,D
d_gp_0_porL_00.JPG,D
d_gp_0_porR_00.JPG,D
d_gp_3_ef_00.jpg,D
d_gp_3_ef_01.jpg,D
d_gp_3_ef_02.jpg,D
d_gp_3_ef_03.jpg,D
d_gp_3_ef_04.jpg,D
d_gp_3_ef_05.jpg,D
d_gp_3_ef_06.jpg,D
d_gp_3_ef_07.jpg,D
d_gp_3_ef_08.jpg,D
d_gp_3_ef_09.jpg,D
d_gp_3_ef_10.jpg,D
d_gp_3_ef_11.jpg,D
d_gp_3_ef_12.jpg,D
d_gp_3_ef_13.jpg,D
d_gp_3_ef_14.jpg,D
d_gp_3_ef_15.jpg,D
d_gp_3_ef_16.jpg,D
d_gp_3_ef_17.jpg,D
d_gp_3_ef_18.jpg,D
d_gp_3_ef_19.jpg,D
d_gp_3_ef_20.jpg,D
d_gp_3_ef_21.jpg,D
d_gp_3_ef_22.jpg,D
d_gp_3_ef_23.jpg,D
d_gp_3_ef_24.jpg,D
d_gp_3_ef_25.jpg,D
d_gp_3_ef_26.jpg,D
d_gp_3_ef_27.jpg,D
d_gp_3_ef_28.jpg,D
d_gp_3_ef_29.jpg,D
d_gp_3_ef_30.jpg,D
d_gp_4_ef_00.jpg,D
d_gp_4_ef_01.jpg,D
d_gp_4_ef_02.jpg,D
d_gp_4_ef_03.jpg,D
d_gp_4_ef_04.jpg,D
d_gp_4_ef_05.jpg,D
d_gp_4_ef_06.jpg,D
d_gp_4_ef_07.jpg,D
d_gp_4_ef_08.jpg,D
d_gp_4_ef_09.jpg,D
d_gp_4_ef_10.jpg,D
d_gp_4_ef_11.jpg,D
d_gp_4_ef_12.jpg,D
d_gp_4_ef_13.jpg,D
d_gp_4_ef_14.jpg,D
d_gp_4_ef_15.jpg,D
d_gp_4_ef_16.jpg,D
d_gp_4_ef_17.jpg,D
d_gp_4_ef_18.jpg,D
d_gp_4_ef_19.jpg,D
d_gp_4_ef_20.jpg,D
d_gp_4_ef_21.jpg,D
d_gp_4_ef_22.jpg,D
d_gp_4_ef_23.jpg,D
d_gp_4_ef_24.jpg,D
d_gp_4_ef_25.jpg,D
d_gp_4_ef_26.jpg,D
d_gp_4_ef_27.jpg,D
d_gp_4_ef_28.jpg,D
d_gp_4_ef_29.jpg,D
d_gp_4_ef_30.jpg,D
d_gp_5_ef_00.jpg,D
d_gp_5_ef_01.jpg,D
d_gp_5_ef_02.jpg,D
d_gp_5_ef_03.jpg,D
d_gp_5_ef_04.jpg,D
d_gp_5_ef_05.jpg,D
d_gp_5_ef_06.jpg,D
d_gp_5_ef_07.jpg,D
d_gp_5_ef_08.jpg,D
d_gp_5_ef_09.jpg,D
d_gp_5_ef_10.jpg,D
d_gp_5_ef_11.jpg,D
d_gp_5_ef_12.jpg,D
d_gp_5_ef_13.jpg,D
d_gp_5_ef_14.jpg,D
d_gp_5_ef_15.jpg,D
d_gp_5_ef_16.jpg,D
d_gp_5_ef_17.jpg,D
d_gp_5_ef_18.jpg,D
d_gp_5_ef_19.jpg,D
d_gp_5_ef_20.jpg,D
d_gp_5_ef_21.jpg,D
d_gp_5_ef_22.jpg,D
d_gp_5_ef_23.jpg,D
d_gp_5_ef_24.jpg,D
d_gp_5_ef_25.jpg,D
d_gp_5_ef_26.jpg,D
d_gp_5_ef_27.jpg,D
d_gp_5_ef_28.jpg,D
d_gp_5_ef_29.jpg,D
d_gp_5_ef_30.jpg,D
d_na_na_por_na.jpg,D
e_cam_0_porF_00.jpg,E
e_cam_0_porL_00.jpg,E
e_cam_0_porR_00.jpg,E
e_gp_0_ef_00.jpg,E
e_gp_0_ef_01.jpg,E
e_gp_0_ef_02.jpg,E
e_gp_0_ef_03.jpg,E
e_gp_0_ef_04.jpg,E
e_gp_0_ef_05.jpg,E
e_gp_0_ef_06.jpg,E
e_gp_0_ef_07.jpg,E
e_gp_0_ef_08.jpg,E
e_gp_0_ef_09.jpg,E
e_gp_0_ef_10.jpg,E
e_gp_0_ef_11.jpg,E
e_gp_0_ef_12.jpg,E
e_gp_0_ef_13.jpg,E
e_gp_0_ef_14.jpg,E
e_gp_0_ef_15.jpg,E
e_gp_0_ef_16.jpg,E
e_gp_0_ef_17.jpg,E
e_gp_0_ef_18.jpg,E
e_gp_0_ef_19.jpg,E
e_gp_0_ef_20.jpg,E
e_gp_0_ef_21.jpg,E
e_gp_0_ef_22.jpg,E
e_gp_0_ef_23.jpg,E
e_gp_0_ef_24.jpg,E
e_gp_0_ef_25.jpg,E
e_gp_0_ef_26.jpg,E
e_gp_0_ef_27.jpg,E
e_gp_0_ef_28.jpg,E
e_gp_0_ef_29.jpg,E
e_gp_0_ef_30.jpg,E
e_gp_0_porF_00.jpg,E
e_gp_0_porL_00.JPG,E
e_gp_0_porR_00.JPG,E
e_gp_3_ef_00.jpg,E
e_gp_3_ef_01.jpg,E
e_gp_3_ef_02.jpg,E
e_gp_3_ef_03.jpg,E
e_gp_3_ef_04.jpg,E
e_gp_3_ef_05.jpg,E
e_gp_3_ef_06.jpg,E
e_gp_3_ef_07.jpg,E
e_gp_3_ef_08.jpg,E
e_gp_3_ef_09.jpg,E
e_gp_3_ef_10.jpg,E
e_gp_3_ef_11.jpg,E
e_gp_3_ef_12.jpg,E
e_gp_3_ef_13.jpg,E
e_gp_3_ef_14.jpg,E
e_gp_3_ef_15.jpg,E
e_gp_3_ef_16.jpg,E
e_gp_3_ef_17.jpg,E
e_gp_3_ef_18.jpg,E
e_gp_3_ef_19.jpg,E
e_gp_3_ef_20.jpg,E
e_gp_3_ef_21.jpg,E
e_gp_3_ef_22.jpg,E
e_gp_3_ef_23.jpg,E
e_gp_3_ef_24.jpg,E
e_gp_3_ef_25.jpg,E
e_gp_3_ef_26.jpg,E
e_gp_3_ef_27.jpg,E
e_gp_3_ef_28.jpg,E
e_gp_3_ef_29.jpg,E
e_gp_3_ef_30.jpg,E
e_gp_4_ef_00.jpg,E
e_gp_4_ef_01.jpg,E
e_gp_4_ef_02.jpg,E
e_gp_4_ef_03.jpg,E
e_gp_4_ef_04.jpg,E
e_gp_4_ef_05.jpg,E
e_gp_4_ef_06.jpg,E
e_gp_4_ef_07.jpg,E
e_gp_4_ef_08.jpg,E
e_gp_4_ef_09.jpg,E
e_gp_4_ef_10.jpg,E
e_gp_4_ef_11.jpg,E
e_gp_4_ef_12.jpg,E
e_gp_4_ef_13.jpg,E
e_gp_4_ef_14.jpg,E
e_gp_4_ef_15.jpg,E
e_gp_4_ef_16.jpg,E
e_gp_4_ef_17.jpg,E
e_gp_4_ef_18.jpg,E
e_gp_4_ef_19.jpg,E
e_gp_4_ef_20.jpg,E
e_gp_4_ef_21.jpg,E
e_gp_4_ef_22.jpg,E
e_gp_4_ef_23.jpg,E
e_gp_4_ef_24.jpg,E
e_gp_4_ef_25.jpg,E
e_gp_4_ef_26.jpg,E
e_gp_4_ef_27.jpg,E
e_gp_4_ef_28.jpg,E
e_gp_4_ef_29.jpg,E
e_gp_4_ef_30.jpg,E
e_gp_5_ef_00.jpg,E
e_gp_5_ef_01.jpg,E
e_gp_5_ef_02.jpg,E
e_gp_5_ef_03.jpg,E
e_gp_5_ef_04.jpg,E
e_gp_5_ef_05.jpg,E
e_gp_5_ef_06.jpg,E
e_gp_5_ef_07.jpg,E
e_gp_5_ef_08.jpg,E
e_gp_5_ef_09.jpg,E
e_gp_5_ef_10.jpg,E
e_gp_5_ef_11.jpg,E
e_gp_5_ef_12.jpg,E
e_gp_5_ef_13.jpg,E
e_gp_5_ef_14.jpg,E
e_gp_5_ef_15.jpg,E
e_gp_5_ef_16.jpg,E
e_gp_5_ef_17.jpg,E
e_gp_5_ef_18.jpg,E
e_gp_5_ef_19.jpg,E
e_gp_5_ef_20.jpg,E
e_gp_5_ef_21.jpg,E
e_gp_5_ef_22.jpg,E
e_gp_5_ef_23.jpg,E
e_gp_5_ef_24.jpg,E
e_gp_5_ef_25.jpg,E
e_gp_5_ef_26.jpg,E
e_gp_5_ef_27.jpg,E
e_gp_5_ef_28.jpg,E
e_gp_5_ef_29.jpg,E
e_gp_5_ef_30.jpg,E
e_na_na_por_na.jpg,E
f_cam_0_porF_00.jpg,F
f_cam_0_porL_00.jpg,F
f_cam_0_porR_00.jpg,F
f_gp_0_ef_00.jpg,F
f_gp_0_ef_01.jpg,F
f_gp_0_ef_02.jpg,F
f_gp_0_ef_03.jpg,F
f_gp_0_ef_04.jpg,F
f_gp_0_ef_05.jpg,F
f_gp_0_ef_06.jpg,F
f_gp_0_ef_07.jpg,F
f_gp_0_ef_08.jpg,F
f_gp_0_ef_09.jpg,F
f_gp_0_ef_10.jpg,F
f_gp_0_ef_11.jpg,F
f_gp_0_ef_12.jpg,F
f_gp_0_ef_13.jpg,F
f_gp_0_ef_14.jpg,F
f_gp_0_ef_15.jpg,F
f_gp_0_ef_16.jpg,F
f_gp_0_ef_17.jpg,F
f_gp_0_ef_18.jpg,F
f_gp_0_ef_19.jpg,F
f_gp_0_ef_20.jpg,F
f_gp_0_ef_21.jpg,F
f_gp_0_ef_22.jpg,F
f_gp_0_ef_23.jpg,F
f_gp_0_ef_24.jpg,F
f_gp_0_ef_25.jpg,F
f_gp_0_ef_26.jpg,F
f_gp_0_ef_27.jpg,F
f_gp_0_ef_28.jpg,F
f_gp_0_ef_29.jpg,F
f_gp_0_ef_30.jpg,F
f_gp_0_porF_00.jpg,F
f_gp_0_porL_00.JPG,F
f_gp_0_porR_00.JPG,F
f_gp_3_ef_00.jpg,F
f_gp_3_ef_01.jpg,F
f_gp_3_ef_02.jpg,F
f_gp_3_ef_03.jpg,F
f_gp_3_ef_04.jpg,F
f_gp_3_ef_05.jpg,F
f_gp_3_ef_06.jpg,F
f_gp_3_ef_07.jpg,F
f_gp_3_ef_08.jpg,F
f_gp_3_ef_09.jpg,F
f_gp_3_ef_10.jpg,F
f_gp_3_ef_11.jpg,F
f_gp_3_ef_12.jpg,F
f_gp_3_ef_13.jpg,F
f_gp_3_ef_14.jpg,F
f_gp_3_ef_15.jpg,F
f_gp_3_ef_16.jpg,F
f_gp_3_ef_17.jpg,F
f_gp_3_ef_18.jpg,F
f_gp_3_ef_19.jpg,F
f_gp_3_ef_20.jpg,F
f_gp_3_ef_21.jpg,F
f_gp_3_ef_22.jpg,F
f_gp_3_ef_23.jpg,F
f_gp_3_ef_24.jpg,F
f_gp_3_ef_25.jpg,F
f_gp_3_ef_26.jpg,F
f_gp_3_ef_27.jpg,F
f_gp_3_ef_28.jpg,F
f_gp_3_ef_29.jpg,F
f_gp_3_ef_30.jpg,F
f_gp_4_ef_00.jpg,F
f_gp_4_ef_01.jpg,F
f_gp_4_ef_02.jpg,F
f_gp_4_ef_03.jpg,F
f_gp_4_ef_04.jpg,F
f_gp_4_ef_05.jpg,F
f_gp_4_ef_06.jpg,F
f_gp_4_ef_07.jpg,F
f_gp_4_ef_08.jpg,F
f_gp_4_ef_09.jpg,F
f_gp_4_ef_10.jpg,F
f_gp_4_ef_11.jpg,F
f_gp_4_ef_12.jpg,F
f_gp_4_ef_13.jpg,F
f_gp_4_ef_14.jpg,F
f_gp_4_ef_15.jpg,F
f_gp_4_ef_16.jpg,F
f_gp_4_ef_17.jpg,F
f_gp_4_ef_18.jpg,F
f_gp_4_ef_19.jpg,F
f_gp_4_ef_20.jpg,F
f_gp_4_ef_21.jpg,F
f_gp_4_ef_22.jpg,F
f_gp_4_ef_23.jpg,F
f_gp_4_ef_24.jpg,F
f_gp_4_ef_25.jpg,F
f_gp_4_ef_26.jpg,F
f_gp_4_ef_27.jpg,F
f_gp_4_ef_28.jpg,F
f_gp_4_ef_29.jpg,F
f_gp_4_ef_30.jpg,F
f_gp_5_ef_00.jpg,F
f_gp_5_ef_01.jpg,F
f_gp_5_ef_02.jpg,F
f_gp_5_ef_03.jpg,F
f_gp_5_ef_04.jpg,F
f_gp_5_ef_05.jpg,F
f_gp_5_ef_06.jpg,F
f_gp_5_ef_07.jpg,F
f_gp_5_ef_08.jpg,F
f_gp_5_ef_09.jpg,F
f_gp_5_ef_10.jpg,F
f_gp_5_ef_11.jpg,F
f_gp_5_ef_12.jpg,F
f_gp_5_ef_13.jpg,F
f_gp_5_ef_14.jpg,F
f_gp_5_ef_15.jpg,F
f_gp_5_ef_16.jpg,F
f_gp_5_ef_17.jpg,F
f_gp_5_ef_18.jpg,F
f_gp_5_ef_19.jpg,F
f_gp_5_ef_20.jpg,F
f_gp_5_ef_21.jpg,F
f_gp_5_ef_22.jpg,F
f_gp_5_ef_23.jpg,F
f_gp_5_ef_24.jpg,F
f_gp_5_ef_25.jpg,F
f_gp_5_ef_26.jpg,F
f_gp_5_ef_27.jpg,F
f_gp_5_ef_28.jpg,F
f_gp_5_ef_29.jpg,F
f_gp_5_ef_30.jpg,F
g_cam_0_porF_00.jpg,G
g_cam_0_porL_00.jpg,G
g_cam_0_porR_00.jpg,G
g_gp_0_ef_00.jpg,G
g_gp_0_ef_01.jpg,G
g_gp_0_ef_02.jpg,G
g_gp_0_ef_03.jpg,G
g_gp_0_ef_04.jpg,G
g_gp_0_ef_05.jpg,G
g_gp_0_ef_06.jpg,G
g_gp_0_ef_07.jpg,G
g_gp_0_ef_08.jpg,G
g_gp_0_ef_09.jpg,G
g_gp_0_ef_10.jpg,G
g_gp_0_ef_11.jpg,G
g_gp_0_ef_12.jpg,G
g_gp_0_ef_13.jpg,G
g_gp_0_ef_14.jpg,G
g_gp_0_ef_15.jpg,G
g_gp_0_ef_16.jpg,G
g_gp_0_ef_17.jpg,G
g_gp_0_ef_18.jpg,G
g_gp_0_ef_19.jpg,G
g_gp_0_ef_20.jpg,G
g_gp_0_ef_21.jpg,G
g_gp_0_ef_22.jpg,G
g_gp_0_ef_23.jpg,G
g_gp_0_ef_24.jpg,G
g_gp_0_ef_25.jpg,G
g_gp_0_ef_26.jpg,G
g_gp_0_ef_27.jpg,G
g_gp_0_ef_28.jpg,G
g_gp_0_ef_29.jpg,G
g_gp_0_ef_30.jpg,G
g_gp_0_porF_00.jpg,G
g_gp_0_porL_00.JPG,G
g_gp_0_porR_00.JPG,G
g_gp_3_ef_00.jpg,G
g_gp_3_ef_01.jpg,G
g_gp_3_ef_02.jpg,G
g_gp_3_ef_03.jpg,G
g_gp_3_ef_04.jpg,G
g_gp_3_ef_05.jpg,G
g_gp_3_ef_06.jpg,G
g_gp_3_ef_07.jpg,G
g_gp_3_ef_08.jpg,G
g_gp_3_ef_09.jpg,G
g_gp_3_ef_10.jpg,G
g_gp_3_ef_11.jpg,G
g_gp_3_ef_12.jpg,G
g_gp_3_ef_13.jpg,G
g_gp_3_ef_14.jpg,G
g_gp_3_ef_15.jpg,G
g_gp_3_ef_16.jpg,G
g_gp_3_ef_17.jpg,G
g_gp_3_ef_18.jpg,G
g_gp_3_ef_19.jpg,G
g_gp_3_ef_20.jpg,G
g_gp_3_ef_21.jpg,G
g_gp_3_ef_22.jpg,G
g_gp_3_ef_23.jpg,G
g_gp_3_ef_24.jpg,G
g_gp_3_ef_25.jpg,G
g_gp_3_ef_26.jpg,G
g_gp_3_ef_27.jpg,G
g_gp_3_ef_28.jpg,G
g_gp_3_ef_29.jpg,G
g_gp_3_ef_30.jpg,G
g_gp_4_ef_00.jpg,G
g_gp_4_ef_01.jpg,G
g_gp_4_ef_02.jpg,G
g_gp_4_ef_03.jpg,G
g_gp_4_ef_04.jpg,G
g_gp_4_ef_05.jpg,G
g_gp_4_ef_06.jpg,G
g_gp_4_ef_07.jpg,G
g_gp_4_ef_08.jpg,G
g_gp_4_ef_09.jpg,G
g_gp_4_ef_10.jpg,G
g_gp_4_ef_11.jpg,G
g_gp_4_ef_12.jpg,G
g_gp_4_ef_13.jpg,G
g_gp_4_ef_14.jpg,G
g_gp_4_ef_15.jpg,G
g_gp_4_ef_16.jpg,G
g_gp_4_ef_17.jpg,G
g_gp_4_ef_18.jpg,G
g_gp_4_ef_19.jpg,G
g_gp_4_ef_20.jpg,G
g_gp_4_ef_21.jpg,G
g_gp_4_ef_22.jpg,G
g_gp_4_ef_23.jpg,G
g_gp_4_ef_24.jpg,G
g_gp_4_ef_25.jpg,G
g_gp_4_ef_26.jpg,G
g_gp_4_ef_27.jpg,G
g_gp_4_ef_28.jpg,G
g_gp_4_ef_29.jpg,G
g_gp_4_ef_30.jpg,G
g_gp_5_ef_00.jpg,G
g_gp_5_ef_01.jpg,G
g_gp_5_ef_02.jpg,G
g_gp_5_ef_03.jpg,G
g_gp_5_ef_04.jpg,G
g_gp_5_ef_05.jpg,G
g_gp_5_ef_06.jpg,G
g_gp_5_ef_07.jpg,G
g_gp_5_ef_08.jpg,G
g_gp_5_ef_09.jpg,G
g_gp_5_ef_10.jpg,G
g_gp_5_ef_11.jpg,G
g_gp_5_ef_12.jpg,G
g_gp_5_ef_13.jpg,G
g_gp_5_ef_14.jpg,G
g_gp_5_ef_15.jpg,G
g_gp_5_ef_16.jpg,G
g_gp_5_ef_17.jpg,G
g_gp_5_ef_18.jpg,G
g_gp_5_ef_19.jpg,G
g_gp_5_ef_20.jpg,G
g_gp_5_ef_21.jpg,G
g_gp_5_ef_22.jpg,G
g_gp_5_ef_23.jpg,G
g_gp_5_ef_24.jpg,G
g_gp_5_ef_25.jpg,G
g_gp_5_ef_26.jpg,G
g_gp_5_ef_27.jpg,G
g_gp_5_ef_28.jpg,G
g_gp_5_ef_29.jpg,G
g_gp_5_ef_30.jpg,G
g_na_na_por_na.jpg,G
h_cam_0_porF_00.jpg,H
h_cam_0_porL_00.jpg,H
h_cam_0_porR_00.jpg,H
h_gp_0_ef_00.jpg,H
h_gp_0_ef_01.jpg,H
h_gp_0_ef_02.jpg,H
h_gp_0_ef_03.jpg,H
h_gp_0_ef_04.jpg,H
h_gp_0_ef_05.jpg,H
h_gp_0_ef_06.jpg,H
h_gp_0_ef_07.jpg,H
h_gp_0_ef_08.jpg,H
h_gp_0_ef_09.jpg,H
h_gp_0_ef_10.jpg,H
h_gp_0_ef_11.jpg,H
h_gp_0_ef_12.jpg,H
h_gp_0_ef_13.jpg,H
h_gp_0_ef_14.jpg,H
h_gp_0_ef_15.jpg,H
h_gp_0_ef_16.jpg,H
h_gp_0_ef_17.jpg,H
h_gp_0_ef_18.jpg,H
h_gp_0_ef_19.jpg,H
h_gp_0_ef_20.jpg,H
h_gp_0_ef_21.jpg,H
h_gp_0_ef_22.jpg,H
h_gp_0_ef_23.jpg,H
h_gp_0_ef_24.jpg,H
h_gp_0_ef_25.jpg,H
h_gp_0_ef_26.jpg,H
h_gp_0_ef_27.jpg,H
h_gp_0_ef_28.jpg,H
h_gp_0_ef_29.jpg,H
h_gp_0_ef_30.jpg,H
h_gp_0_porF_00.jpg,H
h_gp_0_porL_00.JPG,H
h_gp_0_porR_00.JPG,H
h_gp_3_ef_00.jpg,H
h_gp_3_ef_01.jpg,H
h_gp_3_ef_02.jpg,H
h_gp_3_ef_03.jpg,H
h_gp_3_ef_04.jpg,H
h_gp_3_ef_05.jpg,H
h_gp_3_ef_06.jpg,H
h_gp_3_ef_07.jpg,H
h_gp_3_ef_08.jpg,H
h_gp_3_ef_09.jpg,H
h_gp_3_ef_10.jpg,H
h_gp_3_ef_11.jpg,H
h_gp_3_ef_12.jpg,H
h_gp_3_ef_13.jpg,H
h_gp_3_ef_14.jpg,H
h_gp_3_ef_15.jpg,H
h_gp_3_ef_16.jpg,H
h_gp_3_ef_17.jpg,H
h_gp_3_ef_18.jpg,H
h_gp_3_ef_19.jpg,H
h_gp_3_ef_20.jpg,H
h_gp_3_ef_21.jpg,H
h_gp_3_ef_22.jpg,H
h_gp_3_ef_23.jpg,H
h_gp_3_ef_24.jpg,H
h_gp_3_ef_25.jpg,H
h_gp_3_ef_26.jpg,H
h_gp_3_ef_27.jpg,H
h_gp_3_ef_28.jpg,H
h_gp_3_ef_29.jpg,H
h_gp_3_ef_30.jpg,H
h_gp_4_ef_00.jpg,H
h_gp_4_ef_01.jpg,H
h_gp_4_ef_02.jpg,H
h_gp_4_ef_03.jpg,H
h_gp_4_ef_04.jpg,H
h_gp_4_ef_05.jpg,H
h_gp_4_ef_06.jpg,H
h_gp_4_ef_07.jpg,H
h_gp_4_ef_08.jpg,H
h_gp_4_ef_09.jpg,H
h_gp_4_ef_10.jpg,H
h_gp_4_ef_11.jpg,H
h_gp_4_ef_12.jpg,H
h_gp_4_ef_13.jpg,H
h_gp_4_ef_14.jpg,H
h_gp_4_ef_15.jpg,H
h_gp_4_ef_16.jpg,H
h_gp_4_ef_17.jpg,H
h_gp_4_ef_18.jpg,H
h_gp_4_ef_19.jpg,H
h_gp_4_ef_20.jpg,H
h_gp_4_ef_21.jpg,H
h_gp_4_ef_22.jpg,H
h_gp_4_ef_23.jpg,H
h_gp_4_ef_24.jpg,H
h_gp_4_ef_25.jpg,H
h_gp_4_ef_26.jpg,H
h_gp_4_ef_27.jpg,H
h_gp_4_ef_28.jpg,H
h_gp_4_ef_29.jpg,H
h_gp_4_ef_30.jpg,H
h_gp_5_ef_00.jpg,H
h_gp_5_ef_01.jpg,H
h_gp_5_ef_02.jpg,H
h_gp_5_ef_03.jpg,H
h_gp_5_ef_04.jpg,H
h_gp_5_ef_05.jpg,H
h_gp_5_ef_06.jpg,H
h_gp_5_ef_07.jpg,H
h_gp_5_ef_08.jpg,H
h_gp_5_ef_09.jpg,H
h_gp_5_ef_10.jpg,H
h_gp_5_ef_11.jpg,H
h_gp_5_ef_12.jpg,H
h_gp_5_ef_13.jpg,H
h_gp_5_ef_14.jpg,H
h_gp_5_ef_15.jpg,H
h_gp_5_ef_16.jpg,H
h_gp_5_ef_17.jpg,H
h_gp_5_ef_18.jpg,H
h_gp_5_ef_19.jpg,H
h_gp_5_ef_20.jpg,H
h_gp_5_ef_21.jpg,H
h_gp_5_ef_22.jpg,H
h_gp_5_ef_23.jpg,H
h_gp_5_ef_24.jpg,H
h_gp_5_ef_25.jpg,H
h_gp_5_ef_26.jpg,H
h_gp_5_ef_27.jpg,H
h_gp_5_ef_28.jpg,H
h_gp_5_ef_29.jpg,H
h_gp_5_ef_30.jpg,H
i_cam_0_porF_00.jpg,I
i_cam_0_porL_00.jpg,I
i_cam_0_porR_00.jpg,I
i_gp_0_ef_00.jpg,I
i_gp_0_ef_01.jpg,I
i_gp_0_ef_02.jpg,I
i_gp_0_ef_03.jpg,I
i_gp_0_ef_04.jpg,I
i_gp_0_ef_05.jpg,I
i_gp_0_ef_06.jpg,I
i_gp_0_ef_07.jpg,I
i_gp_0_ef_08.jpg,I
i_gp_0_ef_09.jpg,I
i_gp_0_ef_10.jpg,I
i_gp_0_ef_11.jpg,I
i_gp_0_ef_12.jpg,I
i_gp_0_ef_13.jpg,I
i_gp_0_ef_14.jpg,I
i_gp_0_ef_15.jpg,I
i_gp_0_ef_16.jpg,I
i_gp_0_ef_17.jpg,I
i_gp_0_ef_18.jpg,I
i_gp_0_ef_19.jpg,I
i_gp_0_ef_20.jpg,I
i_gp_0_ef_21.jpg,I
i_gp_0_ef_22.jpg,I
i_gp_0_ef_23.jpg,I
i_gp_0_ef_24.jpg,I
i_gp_0_ef_25.jpg,I
i_gp_0_ef_26.jpg,I
i_gp_0_ef_27.jpg,I
i_gp_0_ef_28.jpg,I
i_gp_0_ef_29.jpg,I
i_gp_0_ef_30.jpg,I
i_gp_0_porF_00.jpg,I
i_gp_0_porL_00.JPG,I
i_gp_0_porR_00.JPG,I
i_gp_3_ef_00.jpg,I
i_gp_3_ef_01.jpg,I
i_gp_3_ef_02.jpg,I
i_gp_3_ef_03.jpg,I
i_gp_3_ef_04.jpg,I
i_gp_3_ef_05.jpg,I
i_gp_3_ef_06.jpg,I
i_gp_3_ef_07.jpg,I
i_gp_3_ef_08.jpg,I
i_gp_3_ef_09.jpg,I
i_gp_3_ef_10.jpg,I
i_gp_3_ef_11.jpg,I
i_gp_3_ef_12.jpg,I
i_gp_3_ef_13.jpg,I
i_gp_3_ef_14.jpg,I
i_gp_3_ef_15.jpg,I
i_gp_3_ef_16.jpg,I
i_gp_3_ef_17.jpg,I
i_gp_3_ef_18.jpg,I
i_gp_3_ef_19.jpg,I
i_gp_3_ef_20.jpg,I
i_gp_3_ef_21.jpg,I
i_gp_3_ef_22.jpg,I
i_gp_3_ef_23.jpg,I
i_gp_3_ef_24.jpg,I
i_gp_3_ef_25.jpg,I
i_gp_3_ef_26.jpg,I
i_gp_3_ef_27.jpg,I
i_gp_3_ef_28.jpg,I
i_gp_3_ef_29.jpg,I
i_gp_3_ef_30.jpg,I
i_gp_4_ef_00.jpg,I
i_gp_4_ef_01.jpg,I
i_gp_4_ef_02.jpg,I
i_gp_4_ef_03.jpg,I
i_gp_4_ef_04.jpg,I
i_gp_4_ef_05.jpg,I
i_gp_4_ef_06.jpg,I
i_gp_4_ef_07.jpg,I
i_gp_4_ef_08.jpg,I
i_gp_4_ef_09.jpg,I
i_gp_4_ef_10.jpg,I
i_gp_4_ef_11.jpg,I
i_gp_4_ef_12.jpg,I
i_gp_4_ef_13.jpg,I
i_gp_4_ef_14.jpg,I
i_gp_4_ef_15.jpg,I
i_gp_4_ef_16.jpg,I
i_gp_4_ef_17.jpg,I
i_gp_4_ef_18.jpg,I
i_gp_4_ef_19.jpg,I
i_gp_4_ef_20.jpg,I
i_gp_4_ef_21.jpg,I
i_gp_4_ef_22.jpg,I
i_gp_4_ef_23.jpg,I
i_gp_4_ef_24.jpg,I
i_gp_4_ef_25.jpg,I
i_gp_4_ef_26.jpg,I
i_gp_4_ef_27.jpg,I
i_gp_4_ef_28.jpg,I
i_gp_4_ef_29.jpg,I
i_gp_4_ef_30.jpg,I
i_gp_5_ef_00.jpg,I
i_gp_5_ef_01.jpg,I
i_gp_5_ef_02.jpg,I
i_gp_5_ef_03.jpg,I
i_gp_5_ef_04.jpg,I
i_gp_5_ef_05.jpg,I
i_gp_5_ef_06.jpg,I
i_gp_5_ef_07.jpg,I
i_gp_5_ef_08.jpg,I
i_gp_5_ef_09.jpg,I
i_gp_5_ef_10.jpg,I
i_gp_5_ef_11.jpg,I
i_gp_5_ef_12.jpg,I
i_gp_5_ef_13.jpg,I
i_gp_5_ef_14.jpg,I
i_gp_5_ef_15.jpg,I
i_gp_5_ef_16.jpg,I
i_gp_5_ef_17.jpg,I
i_gp_5_ef_18.jpg,I
i_gp_5_ef_19.jpg,I
i_gp_5_ef_20.jpg,I
i_gp_5_ef_21.jpg,I
i_gp_5_ef_22.jpg,I
i_gp_5_ef_23.jpg,I
i_gp_5_ef_24.jpg,I
i_gp_5_ef_25.jpg,I
i_gp_5_ef_26.jpg,I
i_gp_5_ef_27.jpg,I
i_gp_5_ef_28.jpg,I
i_gp_5_ef_29.jpg,I
i_gp_5_ef_30.jpg,I
i_na_na_por_na.jpg,I
j_cam_0_porF_00.jpg,J
j_cam_0_porL_00.jpg,J
j_cam_0_porR_00.jpg,J
j_gp_0_ef_00.jpg,J
j_gp_0_ef_01.jpg,J
j_gp_0_ef_02.jpg,J
j_gp_0_ef_03.jpg,J
j_gp_0_ef_04.jpg,J
j_gp_0_ef_05.jpg,J
j_gp_0_ef_06.jpg,J
j_gp_0_ef_07.jpg,J
j_gp_0_ef_08.jpg,J
j_gp_0_ef_09.jpg,J
j_gp_0_ef_10.jpg,J
j_gp_0_ef_11.jpg,J
j_gp_0_ef_12.jpg,J
j_gp_0_ef_13.jpg,J
j_gp_0_ef_14.jpg,J
j_gp_0_ef_15.jpg,J
j_gp_0_ef_16.jpg,J
j_gp_0_ef_17.jpg,J
j_gp_0_ef_18.jpg,J
j_gp_0_ef_19.jpg,J
j_gp_0_ef_20.jpg,J
j_gp_0_ef_21.jpg,J
j_gp_0_ef_22.jpg,J
j_gp_0_ef_23.jpg,J
j_gp_0_ef_24.jpg,J
j_gp_0_ef_25.jpg,J
j_gp_0_ef_26.jpg,J
j_gp_0_ef_27.jpg,J
j_gp_0_ef_28.jpg,J
j_gp_0_ef_29.jpg,J
j_gp_0_ef_30.jpg,J
j_gp_0_porF_00.jpg,J
j_gp_0_porL_00.JPG,J
j_gp_0_porR_00.JPG,J
j_gp_3_ef_00.jpg,J
j_gp_3_ef_01.jpg,J
j_gp_3_ef_02.jpg,J
j_gp_3_ef_03.jpg,J
j_gp_3_ef_04.jpg,J
j_gp_3_ef_05.jpg,J
j_gp_3_ef_06.jpg,J
j_gp_3_ef_07.jpg,J
j_gp_3_ef_08.jpg,J
j_gp_3_ef_09.jpg,J
j_gp_3_ef_10.jpg,J
j_gp_3_ef_11.jpg,J
j_gp_3_ef_12.jpg,J
j_gp_3_ef_13.jpg,J
j_gp_3_ef_14.jpg,J
j_gp_3_ef_15.jpg,J
j_gp_3_ef_16.jpg,J
j_gp_3_ef_17.jpg,J
j_gp_3_ef_18.jpg,J
j_gp_3_ef_19.jpg,J
j_gp_3_ef_20.jpg,J
j_gp_3_ef_21.jpg,J
j_gp_3_ef_22.jpg,J
j_gp_3_ef_23.jpg,J
j_gp_3_ef_24.jpg,J
j_gp_3_ef_25.jpg,J
j_gp_3_ef_26.jpg,J
j_gp_3_ef_27.jpg,J
j_gp_3_ef_28.jpg,J
j_gp_3_ef_29.jpg,J
j_gp_3_ef_30.jpg,J
j_gp_4_ef_00.jpg,J
j_gp_4_ef_01.jpg,J
j_gp_4_ef_02.jpg,J
j_gp_4_ef_03.jpg,J
j_gp_4_ef_04.jpg,J
j_gp_4_ef_05.jpg,J
j_gp_4_ef_06.jpg,J
j_gp_4_ef_07.jpg,J
j_gp_4_ef_08.jpg,J
j_gp_4_ef_09.jpg,J
j_gp_4_ef_10.jpg,J
j_gp_4_ef_11.jpg,J
j_gp_4_ef_12.jpg,J
j_gp_4_ef_13.jpg,J
j_gp_4_ef_14.jpg,J
j_gp_4_ef_15.jpg,J
j_gp_4_ef_16.jpg,J
j_gp_4_ef_17.jpg,J
j_gp_4_ef_18.jpg,J
j_gp_4_ef_19.jpg,J
j_gp_4_ef_20.jpg,J
j_gp_4_ef_21.jpg,J
j_gp_4_ef_22.jpg,J
j_gp_4_ef_23.jpg,J
j_gp_4_ef_24.jpg,J
j_gp_4_ef_25.jpg,J
j_gp_4_ef_26.jpg,J
j_gp_4_ef_27.jpg,J
j_gp_4_ef_28.jpg,J
j_gp_4_ef_29.jpg,J
j_gp_4_ef_30.jpg,J
j_gp_5_ef_00.jpg,J
j_gp_5_ef_01.jpg,J
j_gp_5_ef_02.jpg,J
j_gp_5_ef_03.jpg,J
j_gp_5_ef_04.jpg,J
j_gp_5_ef_05.jpg,J
j_gp_5_ef_06.jpg,J
j_gp_5_ef_07.jpg,J
j_gp_5_ef_08.jpg,J
j_gp_5_ef_09.jpg,J
j_gp_5_ef_10.jpg,J
j_gp_5_ef_11.jpg,J
j_gp_5_ef_12.jpg,J
j_gp_5_ef_13.jpg,J
j_gp_5_ef_14.jpg,J
j_gp_5_ef_15.jpg,J
j_gp_5_ef_16.jpg,J
j_gp_5_ef_17.jpg,J
j_gp_5_ef_18.jpg,J
j_gp_5_ef_19.jpg,J
j_gp_5_ef_20.jpg,J
j_gp_5_ef_21.jpg,J
j_gp_5_ef_22.jpg,J
j_gp_5_ef_23.jpg,J
j_gp_5_ef_24.jpg,J
j_gp_5_ef_25.jpg,J
j_gp_5_ef_26.jpg,J
j_gp_5_ef_27.jpg,J
j_gp_5_ef_28.jpg,J
j_gp_5_ef_29.jpg,J
j_gp_5_ef_30.jpg,J
j_na_na_por_na.jpg,J
k_cam_0_porF_00.jpg,K
k_cam_0_porL_00.jpg,K
k_cam_0_porR_00.jpg,K
k_gp_0_ef_00.jpg,K
k_gp_0_ef_01.jpg,K
k_gp_0_ef_02.jpg,K
k_gp_0_ef_03.jpg,K
k_gp_0_ef_04.jpg,K
k_gp_0_ef_05.jpg,K
k_gp_0_ef_06.jpg,K
k_gp_0_ef_07.jpg,K
k_gp_0_ef_08.jpg,K
k_gp_0_ef_09.jpg,K
k_gp_0_ef_10.jpg,K
k_gp_0_ef_11.jpg,K
k_gp_0_ef_12.jpg,K
k_gp_0_ef_13.jpg,K
k_gp_0_ef_14.jpg,K
k_gp_0_ef_15.jpg,K
k_gp_0_ef_16.jpg,K
k_gp_0_ef_17.jpg,K
k_gp_0_ef_18.jpg,K
k_gp_0_ef_19.jpg,K
k_gp_0_ef_20.jpg,K
k_gp_0_ef_21.jpg,K
k_gp_0_ef_22.jpg,K
k_gp_0_ef_23.jpg,K
k_gp_0_ef_24.jpg,K
k_gp_0_ef_25.jpg,K
k_gp_0_ef_26.jpg,K
k_gp_0_ef_27.jpg,K
k_gp_0_ef_28.jpg,K
k_gp_0_ef_29.jpg,K
k_gp_0_ef_30.jpg,K
k_gp_0_porF_00.jpg,K
k_gp_0_porL_00.JPG,K
k_gp_0_porR_00.JPG,K
k_gp_3_ef_00.jpg,K
k_gp_3_ef_01.jpg,K
k_gp_3_ef_02.jpg,K
k_gp_3_ef_03.jpg,K
k_gp_3_ef_04.jpg,K
k_gp_3_ef_05.jpg,K
k_gp_3_ef_06.jpg,K
k_gp_3_ef_07.jpg,K
k_gp_3_ef_08.jpg,K
k_gp_3_ef_09.jpg,K
k_gp_3_ef_10.jpg,K
k_gp_3_ef_11.jpg,K
k_gp_3_ef_12.jpg,K
k_gp_3_ef_13.jpg,K
k_gp_3_ef_14.jpg,K
k_gp_3_ef_15.jpg,K
k_gp_3_ef_16.jpg,K
k_gp_3_ef_17.jpg,K
k_gp_3_ef_18.jpg,K
k_gp_3_ef_19.jpg,K
k_gp_3_ef_20.jpg,K
k_gp_3_ef_21.jpg,K
k_gp_3_ef_22.jpg,K
k_gp_3_ef_23.jpg,K
k_gp_3_ef_24.jpg,K
k_gp_3_ef_25.jpg,K
k_gp_3_ef_26.jpg,K
k_gp_3_ef_27.jpg,K
k_gp_3_ef_28.jpg,K
k_gp_3_ef_29.jpg,K
k_gp_3_ef_30.jpg,K
k_gp_4_ef_00.jpg,K
k_gp_4_ef_01.jpg,K
k_gp_4_ef_02.jpg,K
k_gp_4_ef_03.jpg,K
k_gp_4_ef_04.jpg,K
k_gp_4_ef_05.jpg,K
k_gp_4_ef_06.jpg,K
k_gp_4_ef_07.jpg,K
k_gp_4_ef_08.jpg,K
k_gp_4_ef_09.jpg,K
k_gp_4_ef_10.jpg,K
k_gp_4_ef_11.jpg,K
k_gp_4_ef_12.jpg,K
k_gp_4_ef_13.jpg,K
k_gp_4_ef_14.jpg,K
k_gp_4_ef_15.jpg,K
k_gp_4_ef_16.jpg,K
k_gp_4_ef_17.jpg,K
k_gp_4_ef_18.jpg,K
k_gp_4_ef_19.jpg,K
k_gp_4_ef_20.jpg,K
k_gp_4_ef_21.jpg,K
k_gp_4_ef_22.jpg,K
k_gp_4_ef_23.jpg,K
k_gp_4_ef_24.jpg,K
k_gp_4_ef_25.jpg,K
k_gp_4_ef_26.jpg,K
k_gp_4_ef_27.jpg,K
k_gp_4_ef_28.jpg,K
k_gp_4_ef_29.jpg,K
k_gp_4_ef_30.jpg,K
k_gp_5_ef_00.jpg,K
k_gp_5_ef_01.jpg,K
k_gp_5_ef_02.jpg,K
k_gp_5_ef_03.jpg,K
k_gp_5_ef_04.jpg,K
k_gp_5_ef_05.jpg,K
k_gp_5_ef_06.jpg,K
k_gp_5_ef_07.jpg,K
k_gp_5_ef_08.jpg,K
k_gp_5_ef_09.jpg,K
k_gp_5_ef_10.jpg,K
k_gp_5_ef_11.jpg,K
k_gp_5_ef_12.jpg,K
k_gp_5_ef_13.jpg,K
k_gp_5_ef_14.jpg,K
k_gp_5_ef_15.jpg,K
k_gp_5_ef_16.jpg,K
k_gp_5_ef_17.jpg,K
k_gp_5_ef_18.jpg,K
k_gp_5_ef_19.jpg,K
k_gp_5_ef_20.jpg,K
k_gp_5_ef_21.jpg,K
k_gp_5_ef_22.jpg,K
k_gp_5_ef_23.jpg,K
k_gp_5_ef_24.jpg,K
k_gp_5_ef_25.jpg,K
k_gp_5_ef_26.jpg,K
k_gp_5_ef_27.jpg,K
k_gp_5_ef_28.jpg,K
k_gp_5_ef_29.jpg,K
k_gp_5_ef_30.jpg,K
k_na_na_por_na.jpg,K
